{
  "type": "minecraft:generic",
  "pools": [
    {
      "rolls": 1,
      "entries": [
        {
          "type": "minecraft:item",
          "weight": 1,
          "name": "minecraft:leather_helmet",
          "functions": [
            {
              "function": "minecraft:enchant_with_levels",
              "levels": 2,
              "treasure": false
            }
          ]
        },
        {
          "type": "minecraft:item",
          "weight": 1,
          "name": "minecraft:chainmail_helmet",
          "functions": [
            {
              "function": "minecraft:enchant_with_levels",
              "levels": 2,
              "treasure": false
            }
          ]
        },
        {
          "type": "minecraft:item",
          "weight": 1,
          "name": "minecraft:leather_helmet"
        },
        {
          "type": "minecraft:item",
          "weight": 1,
          "name": "minecraft:chainmail_helmet"
        },
        {
          "type": "minecraft:loot_table",
          "weight": 1,
          "name": "minecraft:empty"
        }
      ]
    }
  ]
}