{
    "pools": [
        {
            "rolls": {
                "min": 1,
                "max": 1
            },
            "entries": [
                {
                    "type": "item",
          "name": "minecraft:barrier",
          "weight": 1,
          "functions": [
            {
              "function": "set_nbt",
              "tag": "{display:{Name:\"{\\\"text\\\":\\\"SpawnSuccess\\\"}\"},SH_RND:1b}"
            }
          ]
        },
                                {
                    "type": "item",
          "name": "minecraft:barrier",
          "weight": 1,
          "functions": [
            {
              "function": "set_nbt",
              "tag": "{display:{Name:\"{\\\"text\\\":\\\"SpawnFailed\\\"}\"},SH_RND:1b}"
            }
          ]
        }
      ]
    }
  ]
}