{
  "pools": [
    {
      "rolls": {
        "min": 1,
        "max": 1
      },
      "entries": [
        {
          "type": "item",
          "name": "minecraft:barrier",
          "weight": 2,
          "functions": [
            {
              "function": "set_nbt",
              "tag": "{T_Hard_Random:1b}"
            }
          ]
        },
        {
          "type": "item",
          "name": "minecraft:barrier",
          "weight": 1,
          "functions": [
            {
              "function": "set_nbt",
              "tag": "{T_Hard_Spawn:Illusioner,T_Hard_Random:1b,T_Hard_Replace:1b}"
            }
          ]
        }
      ]
    }
  ]
}